Index,Eigenvalue,Eigenvector_0,Eigenvector_1
0,8.45676,-0.565456,0.824779
1,-6.26894,-0.824779,-0.565456
