Index,Eigenvalue,Eigenvector_0,Eigenvector_1,Eigenvector_2
0,-16.0254,0.804398,0.161635,-0.57168
1,8.54696,-0.0818321,0.98325,0.162856
2,3.60102,0.588428,-0.0842193,0.804151
