Index,Eigenvalue,Eigenvector_0,Eigenvector_1,Eigenvector_2,Eigenvector_3
0,-17.8295,0.444332,0.718633,0.279603,0.456024
1,13.0978,-0.826685,0.098851,0.28518,0.474861
2,5.54085,-0.295784,0.585692,0.165525,-0.73626
3,-0.754628,0.177968,-0.361608,0.901718,-0.156432
