Index,Eigenvalue,Eigenvector_0,Eigenvector_1,Eigenvector_2,Eigenvector_3,Eigenvector_4
0,25.2192,0.579181,-0.319401,-0.570414,-0.47615,-0.10219
1,-16.4251,0.476312,0.371318,-0.261264,0.528087,0.536763
2,-12.6821,-0.129071,-0.856958,-0.0178319,0.366686,0.337916
3,7.9953,-0.472389,0.134184,-0.270564,-0.484589,0.671425
4,3.2793,0.444821,-0.087887,0.729963,-0.353724,0.369382
