Index,Eigenvalue,Eigenvector_0,Eigenvector_1,Eigenvector_2,Eigenvector_3,Eigenvector_4,Eigenvector_5
0,20.2802,0.518633,0.388466,0.502068,0.515027,-0.114561,-0.222855
1,-18.2034,0.242297,0.309633,0.019613,-0.483143,0.707796,-0.332615
2,15.1116,-0.431606,-0.429383,0.434804,0.386842,0.51894,-0.146104
3,-11.0031,-0.585681,0.466805,-0.182147,0.113668,-0.200234,-0.594036
4,5.63537,0.376408,-0.526766,-0.433081,0.167951,-0.0545466,-0.601741
5,2.53113,0.0363784,0.271037,-0.581164,0.557266,0.416573,0.321536
