Index,Eigenvalue,Eigenvector_0,Eigenvector_1,Eigenvector_2,Eigenvector_3,Eigenvector_4,Eigenvector_5,Eigenvector_6
0,21.7637,0.297249,0.589495,-0.577019,-0.236096,0.378767,-0.0181946,-0.177909
1,-21.4107,-0.345646,0.381618,-0.235545,0.357337,-0.358481,0.633319,0.148744
2,-19.0289,0.697371,0.105707,0.0108246,0.130506,-0.677205,-0.10697,-0.123702
3,-12.4646,0.216295,0.0732533,-0.0757557,0.567247,0.262423,-0.286679,0.685048
4,11.0862,-0.197105,0.312948,0.0807076,-0.605552,-0.333738,-0.245849,0.564078
5,7.52391,0.462186,-0.0442479,0.368147,-0.266339,0.268092,0.649904,0.289327
6,-6.63089,0.0812185,-0.624844,-0.68093,-0.200345,-0.131534,0.148769,0.244409
