Index,Eigenvalue,Eigenvector_0,Eigenvector_1,Eigenvector_2,Eigenvector_3,Eigenvector_4,Eigenvector_5,Eigenvector_6,Eigenvector_7
0,29.7592,0.392414,0.510235,-0.170936,0.23315,-0.143801,0.466469,0.0174944,0.513337
1,-18.6048,-0.181441,0.396711,-0.0015596,-0.789887,0.0287978,0.323745,-0.221767,-0.175939
2,-16.1463,-0.00513343,0.4628,0.143402,0.0262049,0.632249,-0.531349,-0.150081,0.244833
3,13.6963,-0.382876,0.0662659,0.0396599,-0.277209,-0.369456,-0.295422,0.53286,0.512724
4,-10.9413,-0.247843,-0.371965,-0.525504,-0.0826894,0.0757253,-0.00873068,-0.539617,0.469283
5,-7.87665,-0.49615,0.140721,-0.453498,0.246527,0.408314,0.295745,0.420059,-0.192252
6,3.60706,0.142708,-0.441545,0.386726,-0.223224,0.504102,0.390864,0.254182,0.33732
7,1.43303,-0.581819,0.102875,0.563266,0.356013,-0.125224,0.260142,-0.334372,0.108303
