Index,Eigenvalue,Eigenvector_0,Eigenvector_1,Eigenvector_2,Eigenvector_3,Eigenvector_4,Eigenvector_5,Eigenvector_6,Eigenvector_7,Eigenvector_8
0,-28.1541,0.319897,-0.00816739,-0.0838647,0.45024,0.548981,-0.231458,0.333824,-0.344155,-0.320961
1,-24.2524,-0.348892,0.401218,-0.0270859,0.185271,-0.357245,0.130177,-0.214267,-0.443477,-0.543219
2,21.9904,-0.220954,-0.407727,0.399588,0.390668,-0.29366,-0.416083,0.0755948,0.361426,-0.277382
3,-13.5661,-0.16704,-0.415617,0.523349,-0.213826,0.308913,0.0439967,-0.364156,-0.496442,0.0576039
4,12.0264,0.278519,0.587936,0.681828,-0.127367,-0.0827796,-0.185185,0.199991,-0.0130164,0.119728
5,8.89482,0.220894,-0.3258,-9.28236e-05,-0.530428,-0.305898,0.119433,0.519603,-0.179589,-0.391956
6,7.7162,0.613753,-0.212136,0.0671697,0.411591,-0.434369,0.304208,-0.222625,-0.19332,0.190349
7,-7.23389,-0.052695,-0.0339885,-0.273933,-0.0790947,-0.310435,-0.689886,0.0318593,-0.441836,0.382396
8,-4.64207,-0.439751,-0.0448099,0.11928,0.302282,-0.0621299,0.370646,0.586316,-0.206855,0.41378
