Index,Eigenvalue,Eigenvector_0,Eigenvector_1
0,-6.268935805980318,-0.8247787593425234,-0.5654555668992992
1,8.456765805980316,0.5654555668992992,-0.8247787593425234
