Index,Eigenvalue,Eigenvector_0,Eigenvector_1,Eigenvector_2
0,-16.025420094984856,-0.8043977404081353,-0.16163454751119852,0.5716804599399358
1,3.601018528471085,-0.5884281501094094,0.08421834017271543,-0.8041514679072415
2,8.54696156651377,-0.08183267920033738,0.9832504992266229,0.1628553603216416
