Index,Eigenvalue,Eigenvector_0,Eigenvector_1,Eigenvector_2,Eigenvector_3
0,-17.82948862858557,-0.4443323644979749,-0.7186326060200703,-0.27960346344281295,-0.45602393649371625
1,13.097804269494896,-0.8266846752449878,0.09885059742572735,0.2851802002040067,0.4748613066099075
2,5.540848206455187,-0.29578467736808545,0.5856918371556287,0.16552505519105265,-0.7362594329633549
3,-0.7546278473645263,-0.17796803704313172,0.36160864044246027,-0.9017181448470387,0.15643195390323797
