Index,Eigenvalue,Eigenvector_0,Eigenvector_1,Eigenvector_2,Eigenvector_3,Eigenvector_4
0,25.219154628032364,0.5791807263858492,-0.3194005611788046,-0.5704137263090266,-0.47614953947980726,-0.10218984584215403
1,7.995305801256703,-0.4723892184218896,0.1341834898194356,-0.2705633605939997,-0.48458899245540327,0.6714254937621686
2,3.2793019479812338,0.4448209898106779,-0.08788711943783405,0.7299635094507635,-0.35372363892529374,0.36938192077650767
3,-16.42506336137139,-0.4763119949166124,-0.37131804453012107,0.2612641355567569,-0.5280870848860569,-0.536763332906795
4,-12.682089015898956,-0.1290708449818213,-0.8569578966447469,-0.017831855888788276,0.3666861634780072,0.3379159108169242
