Index,Eigenvalue,Eigenvector_0,Eigenvector_1,Eigenvector_2,Eigenvector_3,Eigenvector_4,Eigenvector_5
0,-18.203350228431123,0.24229719127876417,0.309632938021548,0.019613046192902852,-0.483142668135542,0.7077962162986291,-0.33261467440540676
1,-11.003128893044902,-0.5856808944679479,0.4668056341089257,-0.18214682642334895,0.11366781789545963,-0.20023350714656962,-0.5940362726584631
2,20.280168029671714,-0.5186329760123471,-0.38846673024225425,-0.5020677815532155,-0.5150268880182569,0.11456111907236692,0.22285518398461704
3,15.111554533803162,0.4316051387689979,0.429382676145098,-0.43480448881699435,-0.3868428643706023,-0.518940003299309,0.14610424148710147
4,5.63537523817207,-0.37640859181253394,0.5267662342329484,0.4330811310988145,-0.16795126375300223,0.05454655092900482,0.6017405480383002
5,2.5311313198290812,0.03637819874761769,0.27103762663090175,-0.5811640002270738,0.5572657044079611,0.41657262939789785,0.32153664732570225
