Index,Eigenvalue,Eigenvector_0,Eigenvector_1,Eigenvector_2,Eigenvector_3,Eigenvector_4,Eigenvector_5,Eigenvector_6
0,21.76371602627899,0.2972491086040459,0.589494571958527,-0.577018693421208,-0.23609599106112442,0.37876694632046815,-0.018194394358478413,-0.17790950481038445
1,11.08616720658537,0.19710483998415207,-0.3129481135797579,-0.08070791996093474,0.6055521339025552,0.33373724396229953,0.24584827105412307,-0.5640780838283657
2,7.523902986422515,0.462185621087048,-0.04424814680935803,0.3681468410636135,-0.26633832966814663,0.26809210084112256,0.6499041993513776,0.2893259543504864
3,-21.41072406498447,-0.3456460288802903,0.3816177360938243,-0.23554473570223844,0.3573368935103808,-0.35848081874545173,0.6333186021743517,0.1487440720457098
4,-19.028855884368827,-0.6973707950051303,-0.10570702721829031,-0.010824625335602378,-0.13050593336602345,0.6772046622250769,0.10696983944915893,0.12370257241477126
5,-6.630884600496865,0.081218884997218,-0.6248435775201829,-0.6809304124232229,-0.20034459830506968,-0.13153427013133823,0.1487691228892,0.2444100971206012
6,-12.464641669436814,-0.2162946852382392,-0.07325408431833152,0.07575513790753373,-0.5672475457003783,-0.2624228680342763,0.2866790417208682,-0.6850483155344235
