Index,Eigenvalue,Eigenvector_0,Eigenvector_1,Eigenvector_2,Eigenvector_3,Eigenvector_4,Eigenvector_5,Eigenvector_6,Eigenvector_7
0,29.759220886077173,0.39241421475348376,0.5102353503126552,-0.170936375937201,0.2331499926771352,-0.1438007971631562,0.4664689629998262,0.017494318708634393,0.513336920309522
1,13.696344027643036,0.38287544725649997,-0.06626590977998943,-0.039659963552935926,0.2772092694670404,0.3694557734301813,0.295421772763492,-0.5328598629644705,-0.5127241981802331
2,3.6070625290343115,0.1427082400474221,-0.4415446938895363,0.38672585131236537,-0.22322333061430197,0.5041024717724168,0.39086440674677997,0.2541819408451625,0.3373193687832959
3,1.4330372939017202,0.5818189841905836,-0.10287556822934511,-0.5632664410083654,-0.3560133191312244,0.12522469707552794,-0.26014142890374636,0.33437171868794047,-0.10830275196779407
4,-7.876652739157116,0.4961500937875824,-0.1407210379048794,0.4534982114747744,-0.24652675932339552,-0.4083138721130471,-0.2957455155614563,-0.42005933593090555,0.19225277427089998
5,-10.94128831372728,0.24784355701326052,0.371964566899125,0.5255042066641468,0.08268924825412165,-0.07572557196902187,0.008730908587168162,0.5396170132124992,-0.4692831099206995
6,-18.60475964786428,0.18144092241489382,-0.3967106364314078,0.001559472423390104,0.7898875183058137,-0.028798018711537244,-0.32374435664969164,0.22176768423725804,0.1759389069241777
7,-16.146264035907567,-0.005133338130932818,0.46280043070047444,0.14340203640869315,0.026205279853195627,0.6322494200218249,-0.5313493088727559,-0.15008043683710745,0.24483258518023676
