Index,Eigenvalue,Eigenvector_0,Eigenvector_1,Eigenvector_2,Eigenvector_3,Eigenvector_4,Eigenvector_5,Eigenvector_6,Eigenvector_7,Eigenvector_8
0,21.990352420783882,-0.2209540803010867,-0.4077264512097047,0.3995886699109079,0.390668471148235,-0.29366008213509726,-0.41608242136720197,0.0755949106357272,0.3614265006277745,-0.27738230807195563
1,-28.154115725396107,-0.31989660623380184,0.00816734418584575,0.08386472789006785,-0.45024045308617366,-0.5489813767879407,0.23145782539139026,-0.3338239003774158,0.3441547652121272,0.320960311804167
2,-24.252419678564472,0.34889218852870113,-0.401217967885776,0.027085888762366322,-0.18527146189759247,0.35724464740706896,-0.13017717318874045,0.2142667673961822,0.44347728101350675,0.5432191474530224
3,12.026441097020404,-0.2785192097337205,-0.5879360108585345,-0.6818278323908157,0.12736693103476734,0.08277961484667856,0.185185091091583,-0.19999119212172584,0.013016568143152461,-0.11972835182957701
4,7.716197055473043,0.6137530159554099,-0.2121363841851541,0.06716979846145188,0.411591391144438,-0.43436884723280544,0.3042079241412056,-0.22262550550088936,-0.19331970324945344,0.1903490344085839
5,8.89482274001412,-0.22089398081118589,0.3257995344961142,9.296135894536327e-05,0.5304283774411114,0.30589812644648046,-0.11943254152613711,-0.519602841493917,0.17958857184628269,0.3919557073977604
6,-13.566119439425078,0.1670394870203024,0.41561696601723425,-0.5233490186356048,0.21382578994648074,-0.30891292930060865,-0.04399678630512391,0.36415557797185877,0.4964416222794325,-0.057603812268123916
7,-4.6420708322025765,-0.4397509008226585,-0.04480997811799117,0.11928009712398861,0.3022824399055919,-0.062129831256903426,0.37064633677872055,0.5863162491247548,-0.20685529765060492,0.41378027380265664
8,-7.233886637703375,0.05269521762015199,0.03398891144050677,0.2739325401591156,0.07909457351824405,0.31043474086245787,0.6898855427198979,-0.031859550252434136,0.44183581917335446,-0.38239674081488967
